id,first_name,last_name,email,gender,ip_address
1,Guntar,Mulryan,gmulryan0@ucoz.ru,Male,29.90.84.42
2,Bartlett,Lambdin,blambdin1@mysql.com,Male,208.202.105.44
3,Thedric,McCotter,tmccotter2@google.cn,Male,240.94.205.134
4,Moselle,Karus,mkarus3@ocn.ne.jp,Female,144.138.190.18
5,Leanna,Wisniowski,lwisniowski4@yahoo.co.jp,Female,36.36.46.224
6,Shandy,Stellin,sstellin5@slate.com,Female,86.134.14.93
7,Isidore,Ellin,iellin6@sakura.ne.jp,Male,181.240.251.248
8,Bart,Jaspar,bjaspar7@dedecms.com,Male,201.226.158.13
9,Netti,Furzey,nfurzey8@is.gd,Female,35.166.76.89
10,Robinson,Northfield,rnorthfield9@google.ru,Male,8.160.215.183
11,Elroy,Dakhno,edakhnoa@tripod.com,Male,217.193.146.226
12,Findley,Pearde,fpeardeb@gnu.org,Male,240.175.250.250
13,Farleigh,Jerram,fjerramc@xrea.com,Male,182.93.211.152
14,Lorri,Cartmel,lcartmeld@oaic.gov.au,Female,66.180.11.52
15,Orel,Hucknall,ohucknalle@berkeley.edu,Female,219.78.152.81
16,Merralee,Elfleet,melfleetf@dailymail.co.uk,Female,250.202.183.63
17,Eamon,Dykas,edykasg@4shared.com,Male,193.154.33.185
18,Gard,De Angelis,gdeangelish@uol.com.br,Male,167.179.97.49
19,Liana,Lineen,llineeni@theglobeandmail.com,Female,59.238.0.53
20,Elvin,Pratty,eprattyj@seesaa.net,Male,20.52.222.225
21,Helli,St. Quentin,hstquentink@opensource.org,Female,165.108.0.55
22,Wayland,Bront,wbrontl@paginegialle.it,Male,121.221.226.109
23,Shelley,Thexton,sthextonm@nba.com,Male,193.226.241.145
24,Hailey,Lambersen,hlambersenn@nsw.gov.au,Male,211.226.100.77
25,Adey,Jori,ajorio@ycombinator.com,Female,137.226.21.112
26,Sandi,De Moreno,sdemorenop@imdb.com,Female,43.98.70.235
27,Quent,Vaskin,qvaskinq@163.com,Male,74.142.91.43
28,Lyndell,Daid,ldaidr@barnesandnoble.com,Female,145.240.60.185
29,Rachele,Dumini,rduminis@baidu.com,Female,12.83.168.154
30,Regan,Culpen,rculpent@illinois.edu,Agender,172.186.115.166
31,Rey,Reimers,rreimersu@wikia.com,Male,78.95.35.12
32,Jorie,Berriball,jberriballv@cdbaby.com,Female,68.85.48.66
33,Tabina,Barkhouse,tbarkhousew@ucsd.edu,Female,101.59.123.133
34,Wait,Grassi,wgrassix@fastcompany.com,Male,246.1.18.6
35,Pearla,Deroche,pderochey@reddit.com,Female,144.97.28.193
36,Vidovic,Mabley,vmableyz@jimdo.com,Male,31.47.166.199
37,Jinny,Sollam,jsollam10@arstechnica.com,Female,52.189.53.230
38,Wylie,Snowman,wsnowman11@uol.com.br,Male,217.159.143.78
39,Terry,Gofton,tgofton12@bravesites.com,Female,213.202.239.239
40,Willy,Arnott,warnott13@ustream.tv,Male,222.230.111.163
41,Lauralee,Guyot,lguyot14@patch.com,Female,204.20.242.26
42,Millard,Schulze,mschulze15@netscape.com,Male,211.153.4.169
43,Hamlen,Lupton,hlupton16@nytimes.com,Male,171.78.95.32
44,Gui,Isaak,gisaak17@fda.gov,Polygender,101.16.214.25
45,Killy,Spicer,kspicer18@virginia.edu,Male,253.155.15.133
46,Grannie,Trowsdale,gtrowsdale19@hatena.ne.jp,Male,209.145.66.250
47,Luce,Croce,lcroce1a@indiatimes.com,Male,170.224.83.218
48,Amargo,Peeters,apeeters1b@slate.com,Female,26.59.50.49
49,Mattie,Tritten,mtritten1c@boston.com,Female,154.215.207.157
50,Dasie,Bangham,dbangham1d@tinyurl.com,Female,202.180.72.141
51,Dorthy,Enstone,denstone1e@arizona.edu,Female,253.138.19.88
52,Gretna,Timblett,gtimblett1f@gnu.org,Female,122.95.160.115
53,Alyce,Digweed,adigweed1g@upenn.edu,Female,185.201.107.143
54,Zane,McGlew,zmcglew1h@google.ca,Male,56.157.185.199
55,Way,Spearett,wspearett1i@smh.com.au,Male,110.193.52.154
56,Kaspar,Witcherley,kwitcherley1j@nhs.uk,Male,146.195.40.100
57,Damaris,Etienne,detienne1k@blog.com,Female,251.164.169.1
58,Orella,Tomsa,otomsa1l@time.com,Female,66.230.38.47
59,Rina,Marcussen,rmarcussen1m@virginia.edu,Female,151.171.120.45
60,Bryn,Klimkiewich,bklimkiewich1n@cisco.com,Female,157.162.117.124
61,Chevy,Reidie,creidie1o@smh.com.au,Male,50.230.106.152
62,Lindsay,Peyro,lpeyro1p@guardian.co.uk,Female,103.124.83.26
63,Marney,Insull,minsull1q@hatena.ne.jp,Female,17.98.73.2
64,Ella,Broz,ebroz1r@google.co.jp,Bigender,132.119.210.215
65,Annnora,O'Siaghail,aosiaghail1s@aol.com,Female,102.53.116.2
66,Tadeo,Baggalley,tbaggalley1t@meetup.com,Male,136.17.31.5
67,Edlin,Newcomen,enewcomen1u@amazon.co.jp,Male,217.107.190.254
68,Jan,McLaren,jmclaren1v@ameblo.jp,Female,155.71.250.59
69,Madelyn,Alam,malam1w@icio.us,Female,207.119.57.22
70,Barbette,Dafforne,bdafforne1x@utexas.edu,Female,62.23.66.198
71,Florie,Dobbings,fdobbings1y@foxnews.com,Female,137.44.219.172
72,Dayna,Halse,dhalse1z@woothemes.com,Female,37.107.188.241
73,Kial,Clutram,kclutram20@guardian.co.uk,Female,77.168.129.229
74,Dayle,Troyes,dtroyes21@cdbaby.com,Agender,160.165.171.153
75,Alyce,Powlesland,apowlesland22@buzzfeed.com,Female,251.157.52.216
76,Dorie,Weitzel,dweitzel23@columbia.edu,Male,68.187.70.58
77,Berkie,Caroline,bcaroline24@booking.com,Male,30.232.13.104
78,Danit,Main,dmain25@omniture.com,Female,197.179.228.66
79,Trevor,Calleja,tcalleja26@aol.com,Male,41.252.93.33
80,Elinore,Rolance,erolance27@wunderground.com,Female,87.185.37.211
81,Viviyan,Cecely,vcecely28@tripadvisor.com,Female,48.144.244.135
82,Evangeline,Kettell,ekettell29@loc.gov,Female,143.63.1.180
83,Oates,Ewbanche,oewbanche2a@artisteer.com,Male,85.162.73.177
84,Boone,Donneely,bdonneely2b@columbia.edu,Male,207.150.96.8
85,Loralee,Blakely,lblakely2c@accuweather.com,Female,143.205.90.145
86,Melisenda,Bilbrook,mbilbrook2d@nbcnews.com,Female,85.206.178.230
87,Alistair,Kleinhaut,akleinhaut2e@edublogs.org,Polygender,111.138.251.174
88,Halette,Ruane,hruane2f@opensource.org,Female,172.92.123.94
89,Matthieu,Rippingall,mrippingall2g@columbia.edu,Male,154.229.1.146
90,Roxana,Lemonby,rlemonby2h@elegantthemes.com,Female,68.148.37.244
91,Florie,Gambell,fgambell2i@devhub.com,Genderqueer,8.211.225.198
92,Dara,Gladman,dgladman2j@guardian.co.uk,Female,39.13.190.89
93,Carroll,Lehrian,clehrian2k@hibu.com,Female,26.179.245.197
94,Toddy,Millimoe,tmillimoe2l@whitehouse.gov,Male,62.110.159.7
95,Kenton,Ferrierio,kferrierio2m@stanford.edu,Male,220.204.6.13
96,Elihu,Trevear,etrevear2n@qq.com,Male,39.71.40.43
97,Jarrid,MacCarter,jmaccarter2o@archive.org,Male,69.174.30.8
98,Thomasine,Leneve,tleneve2p@hostgator.com,Female,83.91.253.240
99,Gerik,Fransman,gfransman2q@biglobe.ne.jp,Male,6.28.129.55
100,Fredek,Callum,fcallum2r@dropbox.com,Male,116.39.166.163
101,Sayer,Coltan,scoltan2s@google.fr,Male,243.243.91.62
102,Cece,Pound,cpound2t@washington.edu,Genderfluid,120.247.138.229
103,Che,Sherwyn,csherwyn2u@edublogs.org,Male,22.70.183.156
104,Madonna,Stratten,mstratten2v@wordpress.com,Female,69.225.28.62
105,Kori,Mudle,kmudle2w@jugem.jp,Female,160.155.101.13
106,Myrle,Leap,mleap2x@nba.com,Agender,17.54.198.122
107,Shalne,McClaughlin,smcclaughlin2y@wired.com,Female,239.68.118.243
108,Nicola,Biddlestone,nbiddlestone2z@yellowpages.com,Male,71.234.254.33
109,Normie,Frears,nfrears30@istockphoto.com,Male,85.24.213.65
110,Darius,Kitchingman,dkitchingman31@ebay.com,Male,92.169.239.88
111,Rory,Lartice,rlartice32@timesonline.co.uk,Male,183.139.247.31
112,Anitra,Libbie,alibbie33@sohu.com,Female,237.182.150.88
113,Babara,Lindenboim,blindenboim34@shareasale.com,Female,62.151.3.96
114,Constancy,Castree,ccastree35@51.la,Female,53.117.147.131
115,Lorne,Blueman,lblueman36@g.co,Female,43.27.171.129
116,Ad,Auchinleck,aauchinleck37@spiegel.de,Male,196.56.137.234
117,Winna,Anthoney,wanthoney38@cpanel.net,Female,59.41.61.184
118,Erinna,Danielsohn,edanielsohn39@theglobeandmail.com,Female,126.156.220.160
119,Claiborn,Elis,celis3a@boston.com,Male,59.77.220.92
120,Odille,Rudkin,orudkin3b@baidu.com,Female,214.254.129.226
121,Paul,Pennoni,ppennoni3c@msn.com,Male,91.158.47.9
122,Shirlene,Carey,scarey3d@studiopress.com,Female,114.94.63.71
123,Davita,Gudde,dgudde3e@imgur.com,Female,196.63.194.240
124,Wendye,Gillespey,wgillespey3f@ca.gov,Female,202.108.187.153
125,Danika,Whittet,dwhittet3g@goo.gl,Female,50.107.54.74
126,Diannne,Ferreras,dferreras3h@discuz.net,Female,39.236.225.27
127,Quentin,Tuting,qtuting3i@house.gov,Female,77.15.166.51
128,Jenna,Stichel,jstichel3j@yellowbook.com,Female,198.42.175.214
129,Ardis,Quakley,aquakley3k@csmonitor.com,Female,96.141.92.136
130,Evelyn,Meany,emeany3l@google.es,Female,11.61.246.35
131,Rudolf,Kitteringham,rkitteringham3m@posterous.com,Male,188.38.227.80
132,Gaby,Gerold,ggerold3n@amazon.de,Female,68.54.93.4
133,Reilly,Chaffe,rchaffe3o@hhs.gov,Male,60.224.137.38
134,Ulrich,Damiral,udamiral3p@eventbrite.com,Male,25.84.255.128
135,Jobi,Gosnay,jgosnay3q@dion.ne.jp,Female,32.218.118.139
136,Gregorius,Taillard,gtaillard3r@businessweek.com,Male,99.141.48.62
137,Ronny,Duchart,rduchart3s@nature.com,Female,63.107.205.36
138,Shalne,Linklater,slinklater3t@washingtonpost.com,Bigender,236.253.130.28
139,Wilt,Morrissey,wmorrissey3u@pcworld.com,Male,97.27.185.66
140,Abagael,Pringley,apringley3v@naver.com,Female,130.0.175.24
141,Deva,Kislingbury,dkislingbury3w@google.co.uk,Female,238.233.6.77
142,Emilio,Kerman,ekerman3x@shinystat.com,Male,167.27.39.103
143,Corrie,Kincaid,ckincaid3y@pcworld.com,Female,219.114.73.28
144,Dale,Panchin,dpanchin3z@vinaora.com,Female,24.247.124.230
145,Adora,Hadrill,ahadrill40@yandex.ru,Female,81.111.51.219
146,Ricard,Smurfitt,rsmurfitt41@mapquest.com,Male,39.92.167.200
147,Dianna,Polo,dpolo42@dailymail.co.uk,Female,81.26.91.252
148,Kathlin,Lebang,klebang43@twitter.com,Female,247.69.0.133
149,Bonita,Weetch,bweetch44@acquirethisname.com,Female,121.229.253.252
150,Ricoriki,Wofenden,rwofenden45@smh.com.au,Male,151.61.47.144
151,Evered,Lorden,elorden46@vinaora.com,Male,149.32.11.153
152,Anselma,Baltrushaitis,abaltrushaitis47@flickr.com,Female,38.233.152.249
153,Maurita,Groocock,mgroocock48@globo.com,Female,49.124.171.85
154,Halette,Boyen,hboyen49@seattletimes.com,Female,229.227.89.165
155,Riccardo,Germann,rgermann4a@issuu.com,Male,55.22.8.32
156,Baldwin,Sherbourne,bsherbourne4b@yahoo.co.jp,Male,122.12.4.174
157,Ephrayim,Dunbobin,edunbobin4c@exblog.jp,Male,92.164.117.133
158,Britteny,Kernock,bkernock4d@yale.edu,Female,7.67.137.251
159,Pammi,Yare,pyare4e@state.tx.us,Female,218.251.99.163
160,Melesa,Meth,mmeth4f@dyndns.org,Female,19.20.85.82
161,Richardo,Smieton,rsmieton4g@flavors.me,Male,160.229.121.249
162,Conny,Stonelake,cstonelake4h@nifty.com,Female,234.12.86.159
163,Veriee,Elles,velles4i@adobe.com,Female,141.226.161.35
164,Amargo,Stanes,astanes4j@quantcast.com,Female,6.31.16.182
165,Creighton,Markushkin,cmarkushkin4k@dot.gov,Genderqueer,156.4.50.162
166,Giorgio,Brackenbury,gbrackenbury4l@unesco.org,Male,78.26.88.233
167,Dud,Pengilley,dpengilley4m@nbcnews.com,Male,228.191.209.160
168,Engracia,Perrigo,eperrigo4n@naver.com,Female,163.173.237.220
169,Leupold,Loosmore,lloosmore4o@google.com.hk,Male,25.62.100.166
170,Marlee,Harriott,mharriott4p@utexas.edu,Female,151.52.108.92
171,Reggie,Baseley,rbaseley4q@bing.com,Female,103.7.200.250
172,Merry,Swynfen,mswynfen4r@biblegateway.com,Male,96.168.75.81
173,Melisse,Mountford,mmountford4s@miibeian.gov.cn,Female,32.226.34.35
174,Carmela,Bosward,cbosward4t@godaddy.com,Female,205.137.48.63
175,Harmony,Sorey,hsorey4u@seesaa.net,Female,171.248.233.47
176,Radcliffe,Fogarty,rfogarty4v@google.co.jp,Male,100.9.76.53
177,Cherye,Pennicard,cpennicard4w@cdc.gov,Female,177.155.144.154
178,Zebulen,Frere,zfrere4x@drupal.org,Polygender,173.60.51.163
179,Kynthia,Leadbetter,kleadbetter4y@jalbum.net,Female,110.171.51.33
180,Haven,Axford,haxford4z@hp.com,Male,216.119.84.223
181,Ariana,Garrand,agarrand50@msn.com,Female,94.65.161.197
182,Cristal,Plimmer,cplimmer51@qq.com,Female,52.179.97.23
183,Chucho,Ciccarello,cciccarello52@ovh.net,Male,24.75.231.161
184,Saxon,Goathrop,sgoathrop53@yahoo.co.jp,Male,225.111.89.211
185,Dorene,Craighall,dcraighall54@house.gov,Female,250.104.209.180
186,Karlie,Falkingham,kfalkingham55@tripod.com,Female,66.141.25.111
187,Fons,Nials,fnials56@youtu.be,Male,86.30.145.197
188,Russell,Ingerman,ringerman57@cnbc.com,Male,45.168.86.218
189,Clement,Maddigan,cmaddigan58@unesco.org,Male,166.127.1.138
190,Des,Grimbleby,dgrimbleby59@jiathis.com,Male,100.192.151.219
191,Alvie,Tootal,atootal5a@scientificamerican.com,Male,241.14.205.160
192,Arlana,Wass,awass5b@blogtalkradio.com,Female,24.201.251.66
193,Celestina,Haslin,chaslin5c@github.com,Female,236.247.24.77
194,Alidia,Blunden,ablunden5d@etsy.com,Female,205.65.83.104
195,Brennan,Threadgall,bthreadgall5e@ifeng.com,Male,247.57.148.26
196,Daphene,Brougham,dbrougham5f@creativecommons.org,Female,37.89.218.67
197,Marjie,Crosscombe,mcrosscombe5g@samsung.com,Female,7.105.24.38
198,Banky,Chatenet,bchatenet5h@jimdo.com,Male,56.241.48.81
199,Samson,Phlipon,sphlipon5i@si.edu,Male,151.4.120.117
200,Sherie,Tinton,stinton5j@last.fm,Female,149.205.53.216
201,Agathe,Winstone,awinstone5k@google.co.uk,Female,139.179.132.170
202,Nichole,Maidment,nmaidment5l@t.co,Female,70.206.212.243
203,Agnese,Gadie,agadie5m@plala.or.jp,Female,150.217.207.191
204,Georgetta,Roden,groden5n@woothemes.com,Female,23.11.100.213
205,Hubert,Tilmouth,htilmouth5o@jiathis.com,Male,248.46.48.175
206,Ronny,Gard,rgard5p@ca.gov,Male,57.108.164.62
207,Odella,Truder,otruder5q@disqus.com,Female,21.11.36.253
208,Hubert,Drane,hdrane5r@yellowpages.com,Male,168.26.196.33
209,Clementina,Bontine,cbontine5s@goo.gl,Genderqueer,68.136.136.67
210,Gustave,Maceur,gmaceur5t@comsenz.com,Male,140.171.96.43
211,Monroe,Enterle,menterle5u@wp.com,Male,178.75.46.229
212,Brianna,Krysiak,bkrysiak5v@quantcast.com,Female,224.141.95.141
213,Harv,Kirckman,hkirckman5w@fda.gov,Genderfluid,173.244.77.241
214,Mac,Claringbold,mclaringbold5x@elpais.com,Male,85.14.125.107
215,Patten,Bulcroft,pbulcroft5y@cloudflare.com,Genderqueer,218.148.115.108
216,Desiri,Hallawell,dhallawell5z@wordpress.com,Female,16.134.23.245
217,Talya,Hardware,thardware60@house.gov,Female,124.142.163.244
218,Shelagh,Hutson,shutson61@diigo.com,Female,215.210.236.86
219,Thebault,Lillyman,tlillyman62@drupal.org,Male,81.204.107.189
220,Hoebart,Furminger,hfurminger63@stumbleupon.com,Male,2.178.166.196
221,Gerik,Joynt,gjoynt64@tuttocitta.it,Male,126.217.207.71
222,Maxie,O' Gara,mogara65@aol.com,Male,18.53.246.181
223,Adda,Jeffers,ajeffers66@unc.edu,Female,145.32.12.242
224,Tabbi,Outhwaite,touthwaite67@mlb.com,Female,20.177.240.240
225,Gerik,Nuth,gnuth68@mashable.com,Male,91.171.150.32
226,Rina,Nelsey,rnelsey69@wikimedia.org,Female,175.229.172.167
227,Marlane,Torald,mtorald6a@github.io,Female,123.59.23.52
228,Hendrick,McQuillin,hmcquillin6b@jalbum.net,Male,51.204.65.12
229,Agathe,Hinsch,ahinsch6c@diigo.com,Female,165.79.254.45
230,Mattias,Erb,merb6d@va.gov,Male,101.113.173.175
231,Jereme,Colleymore,jcolleymore6e@umn.edu,Male,226.14.55.182
232,Teresita,Vaughan,tvaughan6f@bbc.co.uk,Female,138.55.18.180
233,Koren,Climance,kclimance6g@nhs.uk,Polygender,188.195.208.197
234,Kevon,Fleckno,kfleckno6h@netscape.com,Male,199.42.106.9
235,Lind,Gilstoun,lgilstoun6i@opensource.org,Female,179.173.120.200
236,Aluin,Benedtti,abenedtti6j@earthlink.net,Genderfluid,166.144.91.110
237,Jelene,O'Dempsey,jodempsey6k@t-online.de,Female,123.141.0.174
238,Anne-marie,Aland,aaland6l@acquirethisname.com,Female,248.107.136.237
239,Jeffie,Richt,jricht6m@independent.co.uk,Male,181.75.244.252
240,Leela,Shipton,lshipton6n@free.fr,Female,105.216.179.19
241,Jasen,Creevy,jcreevy6o@oaic.gov.au,Male,201.33.228.129
242,Fair,Foale,ffoale6p@biglobe.ne.jp,Male,8.20.8.16
243,Filippa,Dunnan,fdunnan6q@baidu.com,Female,135.114.147.239
244,Paolina,Thoms,pthoms6r@symantec.com,Female,105.210.82.34
245,Nananne,Pyser,npyser6s@gov.uk,Female,40.235.78.223
246,Gal,Trewinnard,gtrewinnard6t@webeden.co.uk,Male,2.190.172.149
247,Dani,Arnaldy,darnaldy6u@google.com.hk,Male,21.206.205.125
248,Edgard,Symes,esymes6v@youku.com,Male,11.56.43.5
249,Harland,Carren,hcarren6w@disqus.com,Male,170.39.11.54
250,Lawrence,Fortman,lfortman6x@yale.edu,Male,2.7.58.244
251,Tess,Simoneschi,tsimoneschi6y@wikia.com,Female,94.167.214.100
252,Orrin,Jedrzej,ojedrzej6z@ameblo.jp,Male,217.21.229.81
253,Mark,Epinoy,mepinoy70@typepad.com,Male,132.174.243.61
254,Felecia,Kinlock,fkinlock71@rakuten.co.jp,Agender,175.180.87.185
255,Janeta,MacRanald,jmacranald72@icio.us,Female,162.202.223.59
256,Jason,Orchart,jorchart73@discuz.net,Male,194.207.230.90
257,Kean,Goodenough,kgoodenough74@imgur.com,Male,203.107.233.37
258,Garnet,Queyeiro,gqueyeiro75@diigo.com,Non-binary,100.32.152.236
259,Kerr,Stampfer,kstampfer76@admin.ch,Male,110.230.19.92
260,Woodman,Tootin,wtootin77@about.com,Bigender,211.60.40.140
261,Zelda,Luciani,zluciani78@marketwatch.com,Female,0.52.87.92
262,Gunner,Jendrach,gjendrach79@ycombinator.com,Male,248.156.207.63
263,Perry,Creelman,pcreelman7a@aol.com,Female,175.32.118.138
264,Bernardo,Crunden,bcrunden7b@biglobe.ne.jp,Male,197.200.129.65
265,Barclay,Bernardini,bbernardini7c@blogs.com,Male,8.128.101.173
266,Heindrick,Kubasiewicz,hkubasiewicz7d@fc2.com,Male,47.205.212.157
267,Omero,Northwood,onorthwood7e@mashable.com,Male,224.116.37.170
268,Francesco,Withams,fwithams7f@theglobeandmail.com,Genderfluid,64.33.88.130
269,Lauretta,Stancliffe,lstancliffe7g@cmu.edu,Female,247.101.204.104
270,Padgett,Payn,ppayn7h@e-recht24.de,Male,195.203.253.105
271,Boigie,Woonton,bwoonton7i@mashable.com,Male,168.192.206.78
272,Artair,Bruna,abruna7j@ask.com,Male,127.83.182.115
273,Thebault,Frayling,tfrayling7k@nymag.com,Male,184.172.162.253
274,Jose,O'Hickey,johickey7l@marriott.com,Non-binary,37.110.132.49
275,Erik,Dovidaitis,edovidaitis7m@com.com,Male,157.189.223.140
276,Rodrique,Cromley,rcromley7n@ask.com,Male,136.108.38.77
277,Rutledge,McEntagart,rmcentagart7o@harvard.edu,Male,43.16.6.77
278,Celestyna,Radbond,cradbond7p@amazon.co.jp,Female,135.72.81.144
279,Lindon,Bischof,lbischof7q@earthlink.net,Male,184.158.90.206
280,Isaiah,Corrigan,icorrigan7r@time.com,Male,133.2.28.168
281,Herc,Rapp,hrapp7s@seattletimes.com,Male,17.185.161.159
282,Jacinta,Lancaster,jlancaster7t@seattletimes.com,Female,99.111.21.169
283,Killian,Torbard,ktorbard7u@lycos.com,Male,169.99.157.117
284,Tore,Winfindine,twinfindine7v@stumbleupon.com,Male,143.83.27.216
285,Sibyl,Mellanby,smellanby7w@boston.com,Female,107.254.209.206
286,Jsandye,O'Halligan,johalligan7x@seattletimes.com,Female,52.209.75.36
287,Conway,Liley,cliley7y@sciencedaily.com,Male,182.58.82.253
288,Marve,Stearns,mstearns7z@shareasale.com,Male,75.18.219.183
289,Merwin,Ledrane,mledrane80@nifty.com,Male,215.0.88.99
290,Caldwell,Counter,ccounter81@ebay.com,Male,63.29.40.155
291,Miguela,Leader,mleader82@cdbaby.com,Female,67.102.7.86
292,Jozef,Catlow,jcatlow83@zdnet.com,Male,137.106.155.178
293,Shir,Grishakov,sgrishakov84@usgs.gov,Female,144.99.182.178
294,Aileen,Peasee,apeasee85@skyrock.com,Female,247.174.32.81
295,Kippy,Iddiens,kiddiens86@paypal.com,Male,126.47.91.173
296,Shirley,Maylam,smaylam87@answers.com,Female,225.7.219.73
297,Shell,Dabbes,sdabbes88@multiply.com,Agender,12.113.28.136
298,Laurent,Juzek,ljuzek89@ca.gov,Male,234.218.40.94
299,Meade,Laurent,mlaurent8a@springer.com,Female,243.73.66.255
300,Zeb,Worboy,zworboy8b@opensource.org,Male,38.156.101.98
301,Albertine,Lancashire,alancashire8c@sphinn.com,Polygender,34.157.172.26
302,Jerrie,Triplet,jtriplet8d@slashdot.org,Genderfluid,99.21.151.64
303,Tate,Boow,tboow8e@auda.org.au,Male,9.91.97.152
304,Casey,Hagard,chagard8f@nationalgeographic.com,Male,213.220.111.187
305,Huntington,Dairton,hdairton8g@shareasale.com,Male,88.135.208.140
306,Jase,Totterdill,jtotterdill8h@meetup.com,Male,51.192.114.199
307,Carmella,Ales0,cales8i@si.edu,Female,63.120.251.127
308,Ara,Fleote,afleote8j@is.gd,Female,170.129.147.104
309,Des,Jesson,djesson8k@dropbox.com,Male,36.201.243.93
310,Taryn,Garford,tgarford8l@liveinternet.ru,Female,31.20.201.103
311,Ivy,Iscowitz,iiscowitz8m@bbb.org,Genderqueer,243.238.149.169
312,Florry,Stopford,fstopford8n@google.co.jp,Female,72.69.137.253
313,Efrem,Exelby,eexelby8o@amazonaws.com,Male,1.170.35.254
314,Brander,McNish,bmcnish8p@mtv.com,Male,89.178.99.218
315,Hana,Mechem,hmechem8q@va.gov,Female,148.146.238.254
316,Thatch,Dailey,tdailey8r@nyu.edu,Male,117.197.67.47
317,Fabio,Morant,fmorant8s@cyberchimps.com,Male,248.19.114.137
318,Leigha,Feldberger,lfeldberger8t@so-net.ne.jp,Female,71.88.55.84
319,Shaine,Bertelmot,sbertelmot8u@washingtonpost.com,Male,220.243.76.27
320,Ximenes,Addionizio,xaddionizio8v@geocities.com,Male,63.30.210.112
321,Hi,Lefeuvre,hlefeuvre8w@google.ru,Male,100.203.68.40
322,Lennie,Sandhill,lsandhill8x@jugem.jp,Male,154.123.246.100
323,Doyle,MacKerley,dmackerley8y@cloudflare.com,Genderfluid,254.139.46.145
324,Charlene,Dykas,cdykas8z@lulu.com,Female,94.13.192.126
325,Connie,Clift,cclift90@multiply.com,Female,165.70.151.214
326,Rudd,Bavister,rbavister91@github.com,Male,146.252.50.91
327,Emmott,Osler,eosler92@yolasite.com,Genderfluid,55.71.35.238
328,Rudolf,Chasen,rchasen93@ycombinator.com,Male,66.185.58.236
329,Rhonda,Van der Hoven,rvanderhoven94@is.gd,Female,106.16.41.164
330,Lydon,Chevins,lchevins95@clickbank.net,Polygender,111.136.18.160
331,Dane,Halcro,dhalcro96@chicagotribune.com,Male,242.98.41.93
332,Nicholle,Bollis,nbollis97@mit.edu,Agender,60.85.138.69
333,Alina,Took,atook98@vkontakte.ru,Female,51.5.181.194
334,Pyotr,Eveleigh,peveleigh99@buzzfeed.com,Male,128.170.208.159
335,Genna,Brunetti,gbrunetti9a@msn.com,Female,204.235.139.184
336,Urbanus,Silverston,usilverston9b@1688.com,Genderqueer,111.194.45.237
337,Romain,Szapiro,rszapiro9c@webnode.com,Male,189.94.216.79
338,Blanca,Wathan,bwathan9d@whitehouse.gov,Female,182.126.108.62
339,Harcourt,Levington,hlevington9e@oracle.com,Male,127.91.212.7
340,Omero,Margery,omargery9f@slate.com,Male,30.247.79.116
341,Renault,Barnwall,rbarnwall9g@state.tx.us,Male,90.78.65.175
342,Raye,D'Alessio,rdalessio9h@so-net.ne.jp,Female,84.200.46.130
343,Pattie,Dade,pdade9i@infoseek.co.jp,Male,153.135.123.133
344,Davine,Bodimeade,dbodimeade9j@engadget.com,Female,232.5.201.100
345,Gaelan,Barns,gbarns9k@mac.com,Male,190.50.190.242
346,Xylia,Parlor,xparlor9l@va.gov,Female,115.47.185.145
347,Alfred,Kitlee,akitlee9m@china.com.cn,Male,8.89.8.54
348,Anita,Twomey,atwomey9n@pinterest.com,Female,220.204.5.185
349,Rosmunda,Heersema,rheersema9o@lulu.com,Female,41.234.81.188
350,Luisa,Dundredge,ldundredge9p@so-net.ne.jp,Female,193.207.78.232
351,Theadora,Dishmon,tdishmon9q@va.gov,Female,188.115.168.131
352,Miller,Walthew,mwalthew9r@amazon.com,Male,77.230.74.251
353,Heriberto,Downe,hdowne9s@yandex.ru,Male,181.60.230.132
354,Priscilla,Brunnen,pbrunnen9t@europa.eu,Female,10.24.48.178
355,Iorgos,Slessor,islessor9u@dot.gov,Male,6.79.197.90
356,Zitella,Gartery,zgartery9v@dedecms.com,Bigender,203.39.102.218
357,Ashla,Hendriks,ahendriks9w@biglobe.ne.jp,Female,65.34.50.133
358,Mikael,Callingham,mcallingham9x@digg.com,Male,64.116.12.108
359,Cathryn,McGaughie,cmcgaughie9y@ftc.gov,Female,134.131.217.154
360,Harriet,Nortunen,hnortunen9z@blog.com,Female,106.236.241.27
361,Dugald,Ladd,dladda0@barnesandnoble.com,Male,180.16.0.114
362,Bari,Gottelier,bgotteliera1@sohu.com,Female,53.194.78.127
363,Sax,Tonsley,stonsleya2@seesaa.net,Male,111.214.133.16
364,Alley,Novkovic,anovkovica3@economist.com,Male,77.5.1.211
365,Barri,Cabrer,bcabrera4@instagram.com,Male,78.69.233.46
366,Constancia,Choppin,cchoppina5@google.fr,Female,138.79.124.158
367,Courtenay,Bramwell,cbramwella6@google.co.jp,Female,69.200.110.149
368,Leonhard,Dellatorre,ldellatorrea7@weebly.com,Male,201.113.245.143
369,Alphonso,Cail,acaila8@multiply.com,Male,244.185.6.68
370,Stephen,Scarth,sscartha9@ft.com,Male,154.207.129.170
371,Jacquelyn,Skelly,jskellyaa@domainmarket.com,Genderfluid,48.111.55.4
372,Farlay,Johanssen,fjohanssenab@a8.net,Male,19.184.66.255
373,Martguerita,Montrose,mmontroseac@hugedomains.com,Genderfluid,162.9.3.234
374,Sylvia,June,sjunead@uiuc.edu,Female,4.154.80.145
375,Nicholas,Antonijevic,nantonijevicae@toplist.cz,Male,24.178.220.47
376,Bendix,Sellors,bsellorsaf@walmart.com,Male,131.226.221.106
377,Vince,O'Geaney,vogeaneyag@ibm.com,Male,1.191.78.112
378,Leopold,Amery,lameryah@mozilla.org,Male,199.43.180.67
379,Dianne,Dunridge,ddunridgeai@diigo.com,Female,147.179.243.240
380,Jordan,Scutchings,jscutchingsaj@un.org,Male,73.99.170.225
381,Antonio,Stoyles,astoylesak@china.com.cn,Genderfluid,196.186.67.44
382,Cinderella,Gehrtz,cgehrtzal@google.com.hk,Female,233.104.204.207
383,Shandy,Agett,sagettam@altervista.org,Female,187.20.144.44
384,Yasmin,Yarnell,yyarnellan@foxnews.com,Female,34.30.109.205
385,Witty,Coggin,wcogginao@fotki.com,Genderqueer,184.12.166.215
386,Margarete,Segebrecht,msegebrechtap@ifeng.com,Female,146.23.158.221
387,Dick,Chooter,dchooteraq@intel.com,Non-binary,253.20.188.244
388,Mirabella,Benasik,mbenasikar@netvibes.com,Female,51.160.95.244
389,Brena,Ceschini,bceschinias@reddit.com,Female,172.101.205.57
390,Ferrel,Tunnoch,ftunnochat@hao123.com,Male,13.207.58.79
391,Lira,Trippick,ltrippickau@ovh.net,Agender,84.95.24.95
392,Rita,Sheer,rsheerav@webeden.co.uk,Female,20.90.226.130
393,Umeko,Foxon,ufoxonaw@cdbaby.com,Female,117.144.65.77
394,Merralee,Trowel,mtrowelax@forbes.com,Non-binary,86.117.221.226
395,Richy,Domanski,rdomanskiay@meetup.com,Male,29.87.189.169
396,Elsinore,FitzGilbert,efitzgilbertaz@apache.org,Female,95.91.125.127
397,Bordie,Tarry,btarryb0@wp.com,Male,94.232.212.119
398,Barbara-anne,Marjoribanks,bmarjoribanksb1@acquirethisname.com,Female,114.182.244.223
399,Karoly,Paddemore,kpaddemoreb2@moonfruit.com,Male,156.230.152.236
400,Debi,Rout,droutb3@google.com.hk,Female,120.38.54.228
401,Nilson,Leese,nleeseb4@globo.com,Male,183.190.102.33
402,Morganne,Kumar,mkumarb5@stumbleupon.com,Female,92.138.165.252
403,Vite,Cestard,vcestardb6@paginegialle.it,Male,175.71.129.205
404,Leigh,Lunam,llunamb7@infoseek.co.jp,Female,158.177.194.42
405,Jefferson,Strangward,jstrangwardb8@huffingtonpost.com,Genderfluid,227.111.193.3
406,Julie,Ivashkin,jivashkinb9@reddit.com,Male,84.22.233.86
407,Trixi,Niles,tnilesba@liveinternet.ru,Female,38.224.153.218
408,Bella,Sammars,bsammarsbb@vk.com,Female,55.26.214.48
409,Cullan,Dinzey,cdinzeybc@friendfeed.com,Male,173.113.189.60
410,Tish,Ashborne,tashbornebd@edublogs.org,Female,243.48.212.47
411,Jordan,Babington,jbabingtonbe@w3.org,Male,11.137.163.149
412,Papagena,Eilhart,peilhartbf@list-manage.com,Female,148.237.120.112
413,Constancy,Burdytt,cburdyttbg@deliciousdays.com,Female,105.233.185.200
414,Nicko,Clissell,nclissellbh@drupal.org,Male,110.24.204.131
415,Ellissa,Cantopher,ecantopherbi@dropbox.com,Female,63.208.10.228
416,Alick,Molloy,amolloybj@bloglines.com,Male,171.109.219.139
417,Lawton,Ayto,laytobk@state.gov,Male,81.253.106.102
418,Talia,Collete,tcolletebl@kickstarter.com,Female,211.186.45.126
419,Darby,Crofthwaite,dcrofthwaitebm@nasa.gov,Female,189.20.29.133
420,Zerk,Ivens,zivensbn@clickbank.net,Bigender,110.20.34.195
421,Etienne,Nasi,enasibo@constantcontact.com,Male,142.119.151.224
422,Meggie,Vannucci,mvannuccibp@ucoz.ru,Female,82.47.158.172
423,Ramona,Sisneros,rsisnerosbq@technorati.com,Female,114.145.63.66
424,Bayard,Filewood,bfilewoodbr@wiley.com,Male,115.241.250.79
425,Blakelee,Ison,bisonbs@prlog.org,Female,119.163.44.150
426,Ruthie,Pudden,rpuddenbt@skyrock.com,Female,53.74.120.45
427,Jeramey,Licari,jlicaribu@privacy.gov.au,Male,73.118.243.201
428,Sean,Race,sracebv@state.tx.us,Male,142.237.149.236
429,Joanna,Blanko,jblankobw@histats.com,Female,73.69.197.164
430,Bessie,Mirfin,bmirfinbx@mac.com,Female,13.42.185.20
431,Cecil,Vaney,cvaneyby@boston.com,Female,101.101.7.197
432,Sissy,Rany,sranybz@imageshack.us,Female,195.222.45.224
433,Sigvard,Epgrave,sepgravec0@360.cn,Male,253.140.108.247
434,Vicky,Georgeot,vgeorgeotc1@weibo.com,Female,163.160.3.211
435,Guthry,Rapson,grapsonc2@fc2.com,Male,205.205.72.42
436,Roobbie,Blowers,rblowersc3@163.com,Female,79.16.236.220
437,Gabie,Churchin,gchurchinc4@time.com,Male,239.129.204.19
438,Ramona,Tomenson,rtomensonc5@t-online.de,Female,104.243.166.227
439,Raquel,Eastcott,reastcottc6@com.com,Female,28.133.126.218
440,Kendal,Croshaw,kcroshawc7@i2i.jp,Male,101.112.215.16
441,Kristos,Ruilton,kruiltonc8@state.gov,Male,9.97.15.92
442,Jessy,Meins,jmeinsc9@msn.com,Female,155.21.52.23
443,Terrance,Bedward,tbedwardca@columbia.edu,Male,2.231.90.123
444,Charley,Siddell,csiddellcb@miibeian.gov.cn,Male,72.50.112.171
445,Mariya,Mascall,mmascallcc@sfgate.com,Genderfluid,223.75.12.211
446,Kit,Rossey,krosseycd@psu.edu,Female,133.94.91.231
447,Horacio,Keasy,hkeasyce@multiply.com,Male,8.20.198.203
448,Rutherford,Bauser,rbausercf@angelfire.com,Male,170.122.233.183
449,Brad,Bowe,bbowecg@discuz.net,Male,234.243.81.190
450,Reena,McCreadie,rmccreadiech@tumblr.com,Female,107.159.160.239
451,Sabine,Treadaway,streadawayci@usatoday.com,Female,3.61.170.115
452,Jonas,Ibberson,jibbersoncj@abc.net.au,Male,0.175.70.93
453,Tanitansy,Fanshawe,tfanshaweck@geocities.com,Female,239.93.56.4
454,Hurlee,Normanvill,hnormanvillcl@home.pl,Male,20.235.73.135
455,Mark,Licciardi,mlicciardicm@netscape.com,Male,2.97.213.209
456,Ludovico,Chese,lchesecn@statcounter.com,Male,178.144.87.218
457,Winslow,Espinheira,wespinheiraco@discuz.net,Male,12.92.175.244
458,Alfie,Wolffers,awolfferscp@goo.ne.jp,Male,213.101.148.20
459,Son,Damrell,sdamrellcq@wunderground.com,Male,7.227.39.222
460,Jillene,Jellett,jjellettcr@ebay.com,Female,174.205.115.217
461,Jewell,Garforth,jgarforthcs@wikipedia.org,Female,141.52.129.196
462,Chrystal,Walklott,cwalklottct@dmoz.org,Female,252.233.67.191
463,Tarrance,Bestar,tbestarcu@sciencedirect.com,Male,93.246.234.194
464,Byran,McGeffen,bmcgeffencv@about.com,Male,100.233.207.175
465,Evelin,Le Friec,elefrieccw@earthlink.net,Polygender,150.214.226.36
466,Jenica,Samwayes,jsamwayescx@histats.com,Female,121.193.16.81
467,Yettie,Singers,ysingerscy@canalblog.com,Female,86.241.247.82
468,Otha,Lornsen,olornsencz@cyberchimps.com,Female,254.201.143.0
469,Alanson,Capron,acaprond0@issuu.com,Male,19.51.50.230
470,Darrin,Hurn,dhurnd1@jalbum.net,Non-binary,88.46.159.4
471,Candida,Spurr,cspurrd2@seesaa.net,Genderqueer,221.200.249.88
472,Vladamir,Gorry,vgorryd3@adobe.com,Male,40.153.28.38
473,Rora,Andreoletti,randreolettid4@youku.com,Female,233.241.44.246
474,Anders,Durram,adurramd5@oakley.com,Male,38.172.241.52
475,Martin,Klimentyonok,mklimentyonokd6@fotki.com,Male,67.34.97.122
476,Rickard,Fritz,rfritzd7@blogs.com,Male,201.35.1.137
477,Dolph,Heineking,dheinekingd8@diigo.com,Male,247.113.130.247
478,Cathi,Underwood,cunderwoodd9@xrea.com,Female,73.122.120.210
479,Aubrey,Berrey,aberreyda@posterous.com,Male,28.59.21.58
480,Tilly,Andreichik,tandreichikdb@tamu.edu,Female,123.57.146.218
481,Mathew,Japp,mjappdc@state.gov,Male,196.103.70.167
482,Bobbye,MacPherson,bmacphersondd@alibaba.com,Female,24.100.194.71
483,Nat,Poulton,npoultonde@weather.com,Polygender,170.158.229.253
484,Dix,Ferrettino,dferrettinodf@infoseek.co.jp,Female,204.199.98.39
485,Babs,Aspenlon,baspenlondg@blogger.com,Female,70.54.172.11
486,Heinrik,Adnett,hadnettdh@delicious.com,Male,236.170.179.16
487,Barbabas,Kembley,bkembleydi@wikimedia.org,Male,15.73.38.36
488,Bernelle,Hurdedge,bhurdedgedj@archive.org,Female,147.159.212.6
489,Stevy,Nielson,snielsondk@phoca.cz,Polygender,143.248.58.165
490,Nowell,Huckle,nhuckledl@tamu.edu,Male,53.52.25.44
491,Ethel,Bromhead,ebromheaddm@hao123.com,Female,187.71.243.125
492,Christos,Themann,cthemanndn@weebly.com,Male,63.236.154.171
493,Dodie,Bezemer,dbezemerdo@disqus.com,Genderfluid,81.194.0.43
494,Vinny,McVitie,vmcvitiedp@wikia.com,Male,9.41.25.35
495,Maurie,Herety,mheretydq@comcast.net,Male,87.248.253.41
496,Doti,Lovatt,dlovattdr@google.ca,Female,91.131.191.187
497,Onfre,Copnell,ocopnellds@tinypic.com,Male,54.235.145.166
498,Hoebart,Deane,hdeanedt@myspace.com,Male,215.93.43.236
499,Kai,Mumbeson,kmumbesondu@reverbnation.com,Female,238.94.235.117
500,Codie,Emblem,cemblemdv@miibeian.gov.cn,Genderqueer,251.219.35.108
501,Tom,Feary,tfearydw@blog.com,Male,255.150.39.93
502,Amity,Acklands,aacklandsdx@joomla.org,Female,165.166.210.130
503,Abran,Bloxham,abloxhamdy@businessweek.com,Male,128.175.160.4
504,Gwendolin,Rizzotto,grizzottodz@virginia.edu,Female,253.3.205.85
505,Batsheva,Binney,bbinneye0@ca.gov,Female,156.215.104.71
506,Adela,Cruden,acrudene1@fastcompany.com,Female,47.81.151.10
507,Steve,Dulanty,sdulantye2@samsung.com,Male,112.222.178.16
508,Lisha,Laxtonne,llaxtonnee3@go.com,Female,203.100.58.45
509,Arabelle,Dafter,adaftere4@cmu.edu,Female,218.245.187.27
510,Arel,Gurley,agurleye5@un.org,Male,70.164.14.71
511,Anthia,Pinchon,apinchone6@zdnet.com,Female,119.99.191.20
512,Adolf,Noteyoung,anoteyounge7@google.fr,Male,76.57.133.79
513,Mirna,Roseblade,mrosebladee8@blinklist.com,Female,210.18.175.176
514,Lorrie,Marchant,lmarchante9@studiopress.com,Polygender,135.209.240.178
515,Adaline,Heyns,aheynsea@discovery.com,Female,144.244.174.153
516,Templeton,Hayworth,thaywortheb@microsoft.com,Male,137.239.132.144
517,Dionis,Elsy,delsyec@nymag.com,Female,246.4.227.158
518,Loria,Seawell,lseawelled@phpbb.com,Female,2.20.51.35
519,Elle,Milliere,emilliereee@google.co.uk,Female,130.31.32.240
520,Isidro,Jatczak,ijatczakef@imdb.com,Male,212.93.127.95
521,Gal,Triggol,gtriggoleg@mozilla.org,Male,119.56.128.31
522,Martica,Eddins,meddinseh@discuz.net,Female,169.32.236.202
523,Ettore,Van der Hoeven,evanderhoevenei@springer.com,Male,180.7.58.169
524,Garrett,Pesak,gpesakej@admin.ch,Male,252.30.93.26
525,Sandi,Voas,svoasek@istockphoto.com,Female,161.84.187.131
526,Lamont,Iddins,liddinsel@adobe.com,Male,242.99.75.76
527,Heida,Ordidge,hordidgeem@constantcontact.com,Female,57.253.56.161
528,Orrin,Shorey,oshoreyen@themeforest.net,Male,153.126.170.14
529,Bowie,Stainer,bstainereo@phpbb.com,Male,153.31.169.90
530,Lindon,Durtnall,ldurtnallep@baidu.com,Male,21.96.19.111
531,Tarrance,Clapp,tclappeq@netlog.com,Male,47.7.109.199
532,Pail,Evitt,pevitter@google.ca,Male,247.91.181.14
533,Otes,De Goey,odegoeyes@google.fr,Male,114.231.194.163
534,Reta,Paladini,rpaladiniet@ovh.net,Agender,247.20.36.154
535,Chadd,Leebeter,cleebetereu@blogtalkradio.com,Male,49.1.102.145
536,Anastasie,Wheaton,awheatonev@google.fr,Bigender,3.234.52.80
537,Florina,Fillary,ffillaryew@smugmug.com,Female,165.70.212.172
538,Munroe,Chesser,mchesserex@guardian.co.uk,Male,126.98.60.13
539,Krisha,Mouncher,kmouncherey@odnoklassniki.ru,Male,145.182.168.233
540,Otes,Garlant,ogarlantez@sbwire.com,Male,30.246.170.55
541,Drusie,Strank,dstrankf0@netlog.com,Female,173.32.61.86
542,Hadlee,Kupisz,hkupiszf1@fda.gov,Male,182.225.200.42
543,Kate,Elletson,kelletsonf2@dailymotion.com,Female,103.215.199.163
544,Constancy,Rowlson,crowlsonf3@census.gov,Female,54.4.150.54
545,Chryste,Snoddon,csnoddonf4@gravatar.com,Female,152.58.13.134
546,Marcie,Dawtry,mdawtryf5@dailymail.co.uk,Female,107.229.208.106
547,Rogers,Dutson,rdutsonf6@pbs.org,Polygender,223.86.231.149
548,Ilaire,Timby,itimbyf7@dailymotion.com,Male,12.145.58.33
549,Ambrosio,Divis,adivisf8@blogspot.com,Male,207.28.246.144
550,Maurizia,Farress,mfarressf9@google.es,Female,177.247.117.70
551,Bear,Schistl,bschistlfa@npr.org,Agender,116.54.16.70
552,Hana,Amery,hameryfb@washingtonpost.com,Female,125.76.109.182
553,Sholom,Tonner,stonnerfc@kickstarter.com,Male,109.238.54.122
554,Cornall,Siemandl,csiemandlfd@salon.com,Male,248.173.102.207
555,Martin,Huband,mhubandfe@godaddy.com,Male,173.43.136.84
556,Vivianne,Raoux,vraouxff@biglobe.ne.jp,Female,181.218.11.81
557,Alana,Lochead,alocheadfg@hibu.com,Female,66.28.33.235
558,Lisa,Cescotti,lcescottifh@prnewswire.com,Female,207.60.128.226
559,Bamby,Maccaddie,bmaccaddiefi@example.com,Female,164.58.205.173
560,Natividad,Mainz,nmainzfj@shinystat.com,Female,10.231.23.90
561,Ernst,Realff,erealfffk@chron.com,Polygender,42.172.156.106
562,Brantley,English,benglishfl@admin.ch,Male,167.64.210.196
563,Sanders,Cromer,scromerfm@storify.com,Male,148.223.248.250
564,Heath,Kropach,hkropachfn@myspace.com,Female,57.58.180.222
565,Jordanna,Grealy,jgrealyfo@columbia.edu,Female,159.198.225.70
566,Zita,Newitt,znewittfp@aol.com,Female,69.24.104.146
567,Tobye,Wynrahame,twynrahamefq@cdc.gov,Female,81.105.239.45
568,Roseanne,Carp,rcarpfr@nba.com,Female,195.243.192.148
569,Lark,Gocke,lgockefs@pinterest.com,Female,77.214.231.219
570,Linea,Shepstone,lshepstoneft@chronoengine.com,Female,33.13.109.60
571,Martita,Meyer,mmeyerfu@sitemeter.com,Female,217.151.246.19
572,Wynn,Takkos,wtakkosfv@sitemeter.com,Male,249.213.118.47
573,Alvis,Aikenhead,aaikenheadfw@xing.com,Male,233.29.24.67
574,Candy,Buffin,cbuffinfx@webnode.com,Polygender,52.137.117.216
575,Hartwell,Oddey,hoddeyfy@mozilla.com,Male,171.49.8.30
576,Dave,Eccleston,decclestonfz@yolasite.com,Male,106.110.125.226
577,Harman,Behnecken,hbehneckeng0@amazon.co.uk,Genderfluid,224.66.55.149
578,Yorgo,Fattori,yfattorig1@bbc.co.uk,Male,44.2.37.239
579,Norris,Sharphouse,nsharphouseg2@surveymonkey.com,Male,170.196.44.152
580,Albert,Venus,avenusg3@de.vu,Bigender,10.218.210.228
581,Dav,Reynoldson,dreynoldsong4@reuters.com,Male,112.255.57.140
582,Brucie,Guerrazzi,bguerrazzig5@e-recht24.de,Male,13.175.2.49
583,Christa,Inmett,cinmettg6@comcast.net,Female,118.41.148.10
584,Brantley,Jepperson,bjeppersong7@cafepress.com,Genderfluid,146.186.188.57
585,Gilbertina,Whitwell,gwhitwellg8@vimeo.com,Polygender,232.208.88.158
586,Aveline,Brashaw,abrashawg9@amazon.co.uk,Female,89.21.119.81
587,Sollie,Rickardsson,srickardssonga@friendfeed.com,Male,133.60.4.39
588,Ettie,Micklem,emicklemgb@taobao.com,Female,18.234.76.204
589,Hanson,Hanford,hhanfordgc@huffingtonpost.com,Bigender,115.156.254.4
590,Alexandra,McTrustey,amctrusteygd@cocolog-nifty.com,Female,105.169.178.232
591,Sayer,McKeighan,smckeighange@wufoo.com,Male,233.243.129.122
592,Curtis,Buckthorp,cbuckthorpgf@alexa.com,Male,232.10.163.204
593,Abigale,Meldon,ameldongg@google.ca,Female,116.114.62.169
594,Dionysus,Surgey,dsurgeygh@disqus.com,Male,237.212.2.117
595,Aubrette,Grigoriev,agrigorievgi@edublogs.org,Female,112.99.205.170
596,Ritchie,Wilshire,rwilshiregj@abc.net.au,Male,197.197.246.138
597,Deidre,Trevino,dtrevinogk@vimeo.com,Female,124.191.20.110
598,Care,Korn,ckorngl@topsy.com,Male,253.49.228.104
599,Minne,Impy,mimpygm@dailymail.co.uk,Female,181.115.9.214
600,Tressa,Quilleash,tquilleashgn@eventbrite.com,Female,215.105.126.132
601,Carmelia,MacGregor,cmacgregorgo@webmd.com,Female,203.44.23.26
602,Rhoda,Durrance,rdurrancegp@nature.com,Non-binary,159.23.33.67
603,Kipp,Bann,kbanngq@who.int,Male,177.189.59.155
604,Arnuad,Clerc,aclercgr@w3.org,Male,47.239.94.232
605,Osbert,Duckwith,oduckwithgs@ted.com,Male,92.73.80.55
606,Ingram,Sinclaire,isinclairegt@google.fr,Male,157.28.156.88
607,Jojo,Chrisp,jchrispgu@diigo.com,Female,186.90.111.178
608,Lissie,Smails,lsmailsgv@yale.edu,Agender,197.49.79.227
609,Berty,Rentoll,brentollgw@blogtalkradio.com,Male,195.143.27.45
610,Roze,Chatres,rchatresgx@skyrock.com,Female,166.76.41.28
611,Lynnelle,Fairfull,lfairfullgy@comcast.net,Female,31.243.195.250
612,Gradey,Angerstein,gangersteingz@usgs.gov,Male,188.165.148.228
613,Roselia,Matyatin,rmatyatinh0@freewebs.com,Female,102.229.19.83
614,Timi,Loyley,tloyleyh1@oracle.com,Female,239.122.216.158
615,Skipper,Zylberdik,szylberdikh2@si.edu,Male,139.69.17.170
616,Cal,McGlynn,cmcglynnh3@google.ca,Female,187.242.159.206
617,Sada,Druitt,sdruitth4@yolasite.com,Female,132.166.62.182
618,Walton,Cansdell,wcansdellh5@booking.com,Male,97.189.23.147
619,Courtney,Kitchenside,ckitchensideh6@baidu.com,Male,85.108.223.37
620,Sinclair,Eliasson,seliassonh7@cornell.edu,Male,59.105.212.117
621,Burnard,Gerardet,bgerardeth8@hibu.com,Male,169.185.93.132
622,Astrid,Brome,abromeh9@ox.ac.uk,Female,138.180.175.134
623,Culley,Dudney,cdudneyha@state.tx.us,Male,214.123.72.67
624,Jennee,Swindles,jswindleshb@indiatimes.com,Female,243.165.133.210
625,Pooh,Millican,pmillicanhc@hubpages.com,Female,47.229.0.108
626,Constantin,Hember,chemberhd@oakley.com,Male,37.91.4.162
627,Stesha,Elnough,selnoughhe@wordpress.com,Female,45.187.192.173
628,Josefa,Dourin,jdourinhf@oakley.com,Female,74.78.162.110
629,Spencer,Monkhouse,smonkhousehg@buzzfeed.com,Polygender,240.42.113.146
630,Bette,Eshelby,beshelbyhh@hibu.com,Female,50.196.147.52
631,Maurise,Brosius,mbrosiushi@xinhuanet.com,Female,98.139.127.4
632,Moe,Clubley,mclubleyhj@constantcontact.com,Male,16.123.103.78
633,Dave,Adhams,dadhamshk@yellowpages.com,Male,11.103.242.216
634,Tobiah,Angless,tanglesshl@rakuten.co.jp,Male,43.200.37.74
635,Stu,Geroldini,sgeroldinihm@cnn.com,Male,209.108.106.178
636,Grover,Coolbear,gcoolbearhn@dailymail.co.uk,Male,252.237.238.175
637,Sheilakathryn,Gooda,sgoodaho@sbwire.com,Female,93.187.33.147
638,Olva,Arnal,oarnalhp@moonfruit.com,Female,230.169.172.64
639,Randee,Rosenstiel,rrosenstielhq@china.com.cn,Female,216.39.86.179
640,Levy,Duggary,lduggaryhr@cbsnews.com,Male,194.243.162.181
641,Margery,Noddles,mnoddleshs@zimbio.com,Female,130.5.66.208
642,Sandi,Python,spythonht@1688.com,Female,134.100.72.206
643,Jacky,Fearfull,jfearfullhu@cbc.ca,Male,3.37.237.46
644,Jase,Cortez,jcortezhv@gravatar.com,Male,207.234.72.10
645,Bald,Sinderson,bsindersonhw@mayoclinic.com,Male,35.215.148.37
646,Lewiss,Coopman,lcoopmanhx@about.me,Male,207.242.169.128
647,Fernando,Scrimgeour,fscrimgeourhy@loc.gov,Male,202.217.179.95
648,Aurelia,Burney,aburneyhz@theguardian.com,Female,202.146.4.2
649,Deanna,Larkkem,dlarkkemi0@umn.edu,Female,190.75.54.67
650,Dacy,Dunning,ddunningi1@netvibes.com,Bigender,9.178.174.237
651,Elliott,Mart,emarti2@goo.ne.jp,Male,255.110.39.248
652,Wilbert,Biggs,wbiggsi3@weibo.com,Male,156.120.102.119
653,Ortensia,Westmacott,owestmacotti4@archive.org,Female,90.239.163.48
654,Caterina,Massard,cmassardi5@ovh.net,Genderqueer,19.170.67.21
655,Lianne,Spellar,lspellari6@prlog.org,Bigender,184.168.18.119
656,Veronike,Woodburne,vwoodburnei7@walmart.com,Female,123.31.209.2
657,Kathy,Antonowicz,kantonowiczi8@cbsnews.com,Non-binary,26.131.169.251
658,Tonnie,Wooffinden,twooffindeni9@xinhuanet.com,Male,235.170.160.122
659,Donielle,Gosneye,dgosneyeia@tuttocitta.it,Female,208.192.221.194
660,Dynah,Sarrell,dsarrellib@mozilla.org,Female,49.189.7.254
661,Kissie,Valenti,kvalentiic@hc360.com,Female,153.8.149.4
662,Cristi,Irlam,cirlamid@cmu.edu,Female,162.4.7.241
663,Toiboid,Knagges,tknaggesie@opensource.org,Male,37.30.176.69
664,Salomone,Puig,spuigif@wix.com,Male,205.240.27.104
665,Ian,Winterbottom,iwinterbottomig@netlog.com,Genderqueer,33.98.173.165
666,Cissy,Whitwell,cwhitwellih@usnews.com,Female,164.120.190.15
667,Brandea,Latchford,blatchfordii@ebay.co.uk,Female,151.100.226.129
668,Averyl,Bettles,abettlesij@ning.com,Female,234.23.227.35
669,Alister,Arrol,aarrolik@diigo.com,Male,34.100.21.233
670,Taffy,Speariett,tspeariettil@sphinn.com,Female,253.14.153.37
671,Edmon,Dillestone,edillestoneim@umich.edu,Male,158.95.45.231
672,Tracie,Gillebride,tgillebridein@cnn.com,Genderqueer,231.53.196.51
673,Mathew,Vasic,mvasicio@t-online.de,Male,1.128.34.121
674,Erwin,Beckley,ebeckleyip@friendfeed.com,Male,64.74.147.192
675,Gabriele,Waterfall,gwaterfalliq@netlog.com,Male,21.37.231.29
676,Austina,Mouatt,amouattir@moonfruit.com,Polygender,139.30.11.56
677,Hayyim,Gasnoll,hgasnollis@oracle.com,Male,183.203.228.44
678,Alayne,Leyban,aleybanit@weebly.com,Female,103.131.135.4
679,Morgan,Burchard,mburchardiu@joomla.org,Agender,86.101.164.5
680,Herta,Tibbits,htibbitsiv@ed.gov,Female,222.92.51.3
681,Tera,End,tendiw@macromedia.com,Female,70.54.121.39
682,Celestina,Thaim,cthaimix@seattletimes.com,Female,19.224.177.90
683,Greg,Westman,gwestmaniy@mysql.com,Male,86.189.138.177
684,Linus,Gonzales,lgonzalesiz@facebook.com,Male,187.64.30.216
685,Avery,Johannes,ajohannesj0@webmd.com,Male,59.138.12.127
686,Berenice,Miguel,bmiguelj1@ted.com,Female,240.224.188.238
687,Elisha,Stitch,estitchj2@mapquest.com,Genderfluid,139.40.49.86
688,Leigha,Kitt,lkittj3@java.com,Female,68.57.194.227
689,Kelcy,Crighton,kcrightonj4@usda.gov,Female,19.165.101.205
690,Colby,McLagan,cmclaganj5@seattletimes.com,Male,138.157.1.132
691,Phillip,Spinnace,pspinnacej6@tumblr.com,Male,20.19.152.78
692,Cassandra,McAreavey,cmcareaveyj7@livejournal.com,Female,59.49.52.91
693,Ajay,Cestard,acestardj8@fda.gov,Female,226.124.182.111
694,Rosalind,Lynde,rlyndej9@zdnet.com,Polygender,181.152.80.206
695,Jedd,Dukelow,jdukelowja@redcross.org,Male,85.86.56.209
696,Jere,Beggs,jbeggsjb@reverbnation.com,Male,94.197.177.58
697,Evanne,Fowkes,efowkesjc@edublogs.org,Female,232.178.84.68
698,Julia,Giacopazzi,jgiacopazzijd@digg.com,Female,41.41.130.98
699,Lishe,Aizikovitz,laizikovitzje@latimes.com,Female,218.77.228.113
700,Isacco,Wilmore,iwilmorejf@networksolutions.com,Male,101.30.18.129
701,Sunny,McCray,smccrayjg@angelfire.com,Female,165.49.191.15
702,Alexandrina,Pleavin,apleavinjh@delicious.com,Female,50.121.225.235
703,Sadella,Agdahl,sagdahlji@prnewswire.com,Female,198.11.65.47
704,Brockie,Rosenwasser,brosenwasserjj@nytimes.com,Male,242.154.57.195
705,Darb,Taffe,dtaffejk@si.edu,Female,244.220.81.163
706,Rozalin,Bollis,rbollisjl@prweb.com,Female,84.60.120.250
707,Quinlan,Siene,qsienejm@blogs.com,Male,39.116.174.223
708,Evelyn,Gettone,egettonejn@nyu.edu,Male,96.76.14.125
709,Miguela,Growden,mgrowdenjo@prlog.org,Female,213.23.112.236
710,Regen,Fallows,rfallowsjp@toplist.cz,Male,128.59.175.41
711,Manya,Janota,mjanotajq@pen.io,Non-binary,178.60.147.92
712,Farand,Brackpool,fbrackpooljr@fastcompany.com,Female,9.228.19.99
713,Berkley,Bubb,bbubbjs@marketwatch.com,Male,215.7.0.167
714,West,Pinock,wpinockjt@amazon.de,Male,108.42.127.44
715,Josephine,Leman,jlemanju@mapquest.com,Female,193.31.222.228
716,Katleen,Starmont,kstarmontjv@de.vu,Female,206.5.236.24
717,Caryl,Richings,crichingsjw@opera.com,Female,100.14.221.186
718,Gar,Joinsey,gjoinseyjx@wikispaces.com,Male,248.94.164.10
719,Sadella,Cantera,scanterajy@uol.com.br,Female,197.124.76.39
720,Ethelin,Chancellor,echancellorjz@statcounter.com,Female,232.11.245.92
721,Emlyn,Skate,eskatek0@smh.com.au,Male,35.203.151.46
722,Dalt,Altimas,daltimask1@vkontakte.ru,Male,197.238.252.15
723,Christian,Essame,cessamek2@infoseek.co.jp,Female,191.108.170.173
724,Pepe,Tuiller,ptuillerk3@dion.ne.jp,Male,82.189.187.123
725,Anders,Camelin,acamelink4@unicef.org,Male,174.156.168.68
726,Dode,Huelin,dhuelink5@google.es,Female,182.244.116.92
727,Wendall,Thurley,wthurleyk6@ucla.edu,Male,17.66.112.160
728,Herminia,Lakey,hlakeyk7@miibeian.gov.cn,Female,232.118.240.143
729,Reilly,Bluck,rbluckk8@archive.org,Male,219.77.27.94
730,Brigitte,Twomey,btwomeyk9@networksolutions.com,Female,166.155.11.23
731,Elia,Croll,ecrollka@aol.com,Bigender,49.32.198.135
732,Nickie,Sedgemond,nsedgemondkb@youtu.be,Female,201.147.50.123
733,Tamarah,Paramore,tparamorekc@cyberchimps.com,Female,245.94.55.184
734,Emogene,Waters,ewaterskd@epa.gov,Female,215.190.232.119
735,Lynnea,Bampforth,lbampforthke@cyberchimps.com,Female,158.121.209.247
736,Mag,Jeffry,mjeffrykf@umich.edu,Genderfluid,73.175.0.237
737,Dun,Settle,dsettlekg@blogger.com,Male,218.83.240.74
738,Cordie,Chicchelli,cchicchellikh@berkeley.edu,Female,149.78.131.39
739,Johan,Fassum,jfassumki@goo.ne.jp,Male,225.75.66.97
740,Baxter,Taphouse,btaphousekj@issuu.com,Male,34.35.166.197
741,Glenda,Joreau,gjoreaukk@sphinn.com,Female,195.223.173.169
742,Corbet,Sinott,csinottkl@trellian.com,Male,89.69.27.132
743,Aime,Ogden,aogdenkm@cyberchimps.com,Female,32.1.120.161
744,Christye,MacKilroe,cmackilroekn@who.int,Female,153.163.240.138
745,Phyllida,Dreigher,pdreigherko@so-net.ne.jp,Bigender,44.138.25.16
746,Stern,Crankhorn,scrankhornkp@ebay.co.uk,Male,64.47.95.6
747,Dora,Robinette,drobinettekq@redcross.org,Female,196.220.60.173
748,Wash,Musso,wmussokr@furl.net,Genderfluid,13.22.140.120
749,Jamesy,Birkbeck,jbirkbeckks@mayoclinic.com,Male,7.39.3.236
750,Jammal,Bricket,jbricketkt@flickr.com,Male,25.66.206.220
751,Rolfe,Meharry,rmeharryku@sciencedirect.com,Male,188.224.17.3
752,Stanfield,Barnett,sbarnettkv@canalblog.com,Male,192.127.136.81
753,Mirabella,Breeds,mbreedskw@unc.edu,Genderfluid,41.200.26.121
754,Deb,Radmore,dradmorekx@facebook.com,Female,0.171.225.105
755,Burr,Trowler,btrowlerky@nationalgeographic.com,Male,78.192.195.168
756,Allister,Phythien,aphythienkz@marriott.com,Polygender,196.204.106.122
757,Othilie,Hansod,ohansodl0@ovh.net,Female,228.198.94.176
758,Berton,Bould,bbouldl1@netlog.com,Male,210.111.174.201
759,Maddy,Diment,mdimentl2@google.es,Male,151.137.158.22
760,Keith,Goodlife,kgoodlifel3@quantcast.com,Male,89.227.254.80
761,Mauricio,Ionnisian,mionnisianl4@webmd.com,Male,5.68.120.119
762,Kennie,Matchett,kmatchettl5@pinterest.com,Male,73.249.141.106
763,Udell,Bicksteth,ubickstethl6@prnewswire.com,Male,136.134.74.104
764,Margit,Dagnall,mdagnalll7@ovh.net,Female,16.230.251.103
765,Heinrick,Merkel,hmerkell8@odnoklassniki.ru,Male,201.0.54.147
766,Ephraim,Hughill,ehughilll9@oakley.com,Male,86.35.219.229
767,Darsie,Ghilks,dghilksla@paypal.com,Female,143.171.101.89
768,Ailbert,Durtnel,adurtnellb@ucoz.com,Male,11.153.49.193
769,Garek,Bineham,gbinehamlc@behance.net,Genderfluid,30.24.0.25
770,Shanan,Clouter,sclouterld@lycos.com,Male,163.101.49.181
771,Fulvia,MacNish,fmacnishle@newyorker.com,Female,247.131.249.166
772,Josy,Bramall,jbramalllf@amazon.com,Female,152.223.193.245
773,Saxon,Swatland,sswatlandlg@meetup.com,Male,246.254.100.225
774,Damara,Piggens,dpiggenslh@illinois.edu,Female,130.175.120.191
775,Urbain,Haxley,uhaxleyli@illinois.edu,Male,89.130.17.140
776,Susi,Sarney,ssarneylj@tripadvisor.com,Female,208.245.140.55
777,Olympe,Drohan,odrohanlk@nih.gov,Female,202.198.215.150
778,Wiley,Dempster,wdempsterll@cdc.gov,Male,66.178.41.33
779,Stern,Jantot,sjantotlm@twitter.com,Male,29.38.6.200
780,Andrew,Gilderoy,agilderoyln@youtu.be,Male,179.62.164.231
781,Blakeley,Doby,bdobylo@bravesites.com,Genderqueer,205.37.159.160
782,Edwin,Deards,edeardslp@posterous.com,Male,151.232.192.198
783,Kinna,Gallienne,kgalliennelq@naver.com,Female,159.29.96.239
784,Cicily,Filipowicz,cfilipowiczlr@bbb.org,Female,212.80.38.206
785,Ethelyn,McAughtrie,emcaughtriels@latimes.com,Female,185.15.55.182
786,Auberon,Castagnier,acastagnierlt@ustream.tv,Male,184.136.214.200
787,Aymer,Somerlie,asomerlielu@wsj.com,Male,177.231.104.186
788,Selia,Izakson,sizaksonlv@arizona.edu,Genderqueer,116.240.143.48
789,Emmaline,Dziwisz,edziwiszlw@vinaora.com,Female,69.89.36.68
790,Mycah,Blacker,mblackerlx@google.de,Male,114.187.28.165
791,Rora,Antrobus,rantrobusly@google.co.jp,Female,169.75.163.225
792,Eric,Pitts,epittslz@jugem.jp,Male,250.117.94.193
793,Reid,Noteyoung,rnoteyoungm0@cnbc.com,Male,209.247.32.235
794,Hermy,Spenley,hspenleym1@china.com.cn,Male,173.119.175.219
795,Lianna,Lyosik,llyosikm2@arstechnica.com,Female,143.129.124.14
796,Cortney,Sandcraft,csandcraftm3@elegantthemes.com,Female,75.216.69.239
797,Ky,Meneely,kmeneelym4@ameblo.jp,Male,123.187.95.15
798,Val,Crossgrove,vcrossgrovem5@furl.net,Male,197.168.247.122
799,Stacie,Dufton,sduftonm6@tmall.com,Female,142.62.62.82
800,Dannye,Burdikin,dburdikinm7@godaddy.com,Female,8.247.165.187
801,Coral,Matthew,cmatthewm8@home.pl,Female,184.154.146.30
802,Holly,O'Fallowne,hofallownem9@usgs.gov,Female,156.44.100.96
803,Adrienne,Niesel,anieselma@simplemachines.org,Female,112.57.202.123
804,Jacki,Hodjetts,jhodjettsmb@google.ru,Female,0.84.153.12
805,Rodger,Stallworth,rstallworthmc@springer.com,Male,221.53.211.216
806,Taryn,Markwell,tmarkwellmd@seattletimes.com,Female,116.63.13.56
807,Rabbi,Estick,restickme@delicious.com,Male,11.30.204.48
808,Orsola,Ramsey,oramseymf@usnews.com,Female,225.65.245.219
809,Silvester,Lambourne,slambournemg@zdnet.com,Male,195.163.34.223
810,Tallie,Neasham,tneashammh@utexas.edu,Female,53.1.121.63
811,Tamara,Kyttor,tkyttormi@csmonitor.com,Female,29.140.229.203
812,Francklyn,Maharry,fmaharrymj@1und1.de,Genderfluid,70.103.37.62
813,Dael,Leupoldt,dleupoldtmk@census.gov,Male,42.220.51.145
814,Sallyanne,Biasotti,sbiasottiml@typepad.com,Female,99.181.245.146
815,Rochette,Folbige,rfolbigemm@thetimes.co.uk,Female,134.127.154.236
816,Livvy,Tinker,ltinkermn@taobao.com,Female,182.147.186.169
817,Annamaria,Kearsley,akearsleymo@miitbeian.gov.cn,Female,123.29.155.252
818,Barney,Nason,bnasonmp@elegantthemes.com,Male,253.54.131.178
819,Griffith,Stennard,gstennardmq@imdb.com,Male,116.236.234.65
820,Alene,Antonov,aantonovmr@multiply.com,Female,178.225.40.153
821,Gray,Cardillo,gcardilloms@scientificamerican.com,Male,202.56.59.151
822,Davine,Carlill,dcarlillmt@github.com,Female,219.223.8.202
823,Sissy,Grabham,sgrabhammu@prnewswire.com,Female,178.61.56.129
824,Inger,Huxstep,ihuxstepmv@irs.gov,Male,47.255.144.53
825,Adele,McKeady,amckeadymw@flickr.com,Female,180.27.170.191
826,Charmine,Woodwind,cwoodwindmx@google.fr,Female,47.125.111.226
827,Wilhelm,Wintour,wwintourmy@opera.com,Male,98.151.145.120
828,Jaye,Baynam,jbaynammz@scribd.com,Male,72.201.4.232
829,Chad,Yarrell,cyarrelln0@google.com.hk,Male,192.195.203.216
830,Bobette,Brockie,bbrockien1@walmart.com,Female,50.200.143.113
831,Barbara-anne,Harse,bharsen2@jalbum.net,Female,23.235.128.209
832,Faydra,Le Surf,flesurfn3@google.com,Female,237.74.203.30
833,Anselma,Durbin,adurbinn4@canalblog.com,Female,50.121.21.172
834,Hale,Cordery,hcorderyn5@weibo.com,Male,36.155.243.19
835,Raymund,Bower,rbowern6@rediff.com,Male,195.168.161.29
836,Lesley,Regitz,lregitzn7@netlog.com,Female,90.228.46.87
837,Vevay,Whitehall,vwhitehalln8@mit.edu,Female,28.199.60.135
838,Kass,Huleatt,khuleattn9@naver.com,Female,151.168.221.198
839,Sanders,Dowbekin,sdowbekinna@hud.gov,Male,146.144.48.134
840,Maureene,Greenhow,mgreenhownb@skype.com,Female,231.184.8.73
841,Jerrold,Rosiello,jrosiellonc@bloglovin.com,Male,61.246.19.109
842,Ddene,Pottiphar,dpottipharnd@qq.com,Female,84.63.70.99
843,Tully,Paolotto,tpaolottone@squidoo.com,Male,135.136.7.252
844,Junette,Richie,jrichienf@elpais.com,Female,179.19.189.14
845,Gustavo,Kolczynski,gkolczynsking@businessweek.com,Male,82.132.164.236
846,Jaclin,Flecknell,jflecknellnh@salon.com,Female,14.240.108.33
847,Shea,Boothebie,sboothebieni@wp.com,Female,140.200.125.67
848,Angie,Baszkiewicz,abaszkiewicznj@fema.gov,Male,166.241.186.66
849,Vyky,Chellenham,vchellenhamnk@livejournal.com,Female,54.113.134.12
850,Evelyn,Lowth,elowthnl@dailymail.co.uk,Female,147.10.222.207
851,Palmer,Corson,pcorsonnm@amazon.co.jp,Male,123.14.96.211
852,Cull,Rosini,crosininn@sphinn.com,Male,86.216.119.46
853,Pernell,Brinkler,pbrinklerno@paypal.com,Male,79.16.202.49
854,Berthe,Triggs,btriggsnp@parallels.com,Female,209.76.163.203
855,Charlean,Cathie,ccathienq@networkadvertising.org,Female,171.250.201.220
856,Alex,Gauson,agausonnr@tinyurl.com,Female,242.106.162.77
857,Myrah,Lutwidge,mlutwidgens@elpais.com,Female,102.224.3.221
858,Anstice,Jerche,ajerchent@trellian.com,Female,249.70.54.112
859,Jed,Astley,jastleynu@topsy.com,Male,2.181.83.136
860,Guglielmo,Karim,gkarimnv@wikimedia.org,Male,104.22.79.242
861,Dawn,Ibbitson,dibbitsonnw@netvibes.com,Female,122.199.45.152
862,Dasha,Blakeley,dblakeleynx@upenn.edu,Female,152.109.16.19
863,Alissa,Haslehurst,ahaslehurstny@prnewswire.com,Female,180.141.85.166
864,Jude,Keeri,jkeerinz@mysql.com,Male,46.129.83.113
865,Grantley,Connechy,gconnechyo0@xinhuanet.com,Male,254.85.209.243
866,Norine,Ireson,niresono1@amazon.co.jp,Female,137.102.24.251
867,Jorie,Hampshire,jhampshireo2@webmd.com,Female,93.225.189.239
868,Tracy,Arangy,tarangyo3@amazon.co.uk,Male,32.245.151.1
869,Barnebas,Meo,bmeoo4@about.me,Male,15.211.241.8
870,Dallis,Jeffels,djeffelso5@soundcloud.com,Male,249.191.234.254
871,Brion,FitzGilbert,bfitzgilberto6@oaic.gov.au,Male,35.24.217.134
872,Cacilie,Rodders,crodderso7@wunderground.com,Female,104.181.230.250
873,Brittani,Glancey,bglanceyo8@ucsd.edu,Female,5.43.162.167
874,Dominique,Aveline,davelineo9@baidu.com,Male,238.5.191.97
875,Bryn,Batcheldor,bbatcheldoroa@ocn.ne.jp,Female,127.160.120.159
876,Mohandas,Lofty,mloftyob@accuweather.com,Male,118.223.238.47
877,Austen,Zavattari,azavattarioc@springer.com,Male,39.107.129.220
878,Hogan,Tatchell,htatchellod@reddit.com,Male,200.183.153.32
879,Andrus,Kintzel,akintzeloe@livejournal.com,Male,183.204.221.128
880,Bevon,Nehl,bnehlof@wunderground.com,Male,139.196.5.238
881,Bank,Huggons,bhuggonsog@rediff.com,Male,215.76.92.232
882,Donny,Darrel,ddarreloh@twitter.com,Female,195.241.38.124
883,Danie,Van Hesteren,dvanhesterenoi@blog.com,Male,74.30.68.200
884,Merill,Guiraud,mguiraudoj@google.it,Male,158.79.243.30
885,Sher,Holgan,sholganok@rediff.com,Female,123.72.66.179
886,Sammie,Brandle,sbrandleol@yandex.ru,Male,253.140.104.92
887,Melodee,Skones,mskonesom@bloomberg.com,Female,23.253.121.201
888,Kelsy,Aseef,kaseefon@google.it,Female,174.209.102.174
889,Ollie,O'Hara,ooharaoo@eventbrite.com,Female,162.135.142.126
890,Audry,Andres,aandresop@timesonline.co.uk,Bigender,238.61.154.65
891,Tracy,Grcic,tgrcicoq@mtv.com,Female,125.139.198.99
892,Hailey,Jorez,hjorezor@epa.gov,Male,36.145.179.81
893,Wald,Clyne,wclyneos@posterous.com,Male,218.250.83.44
894,Carola,Kesley,ckesleyot@pen.io,Female,145.27.159.164
895,Lamar,Lewtey,llewteyou@wsj.com,Male,203.152.175.1
896,Hew,Stockell,hstockellov@nhs.uk,Male,44.236.39.50
897,Lyn,Kitchinham,lkitchinhamow@pcworld.com,Male,150.213.233.89
898,Isak,Challin,ichallinox@tinyurl.com,Male,1.140.149.194
899,Tedmund,Rizon,trizonoy@skype.com,Male,193.207.6.175
900,Evangelin,Clemence,eclemenceoz@examiner.com,Female,233.255.190.126
901,Barth,Stovin,bstovinp0@baidu.com,Male,65.106.167.200
902,Ofella,Thurston,othurstonp1@alibaba.com,Female,115.206.57.41
903,Dyanne,Toe,dtoep2@cmu.edu,Genderfluid,241.116.11.186
904,Moise,Ibanez,mibanezp3@google.com.hk,Male,159.7.39.95
905,Peterus,Jeaffreson,pjeaffresonp4@engadget.com,Male,157.230.198.128
906,Raymund,Langdridge,rlangdridgep5@ebay.co.uk,Male,152.100.147.132
907,Quinlan,Mattheus,qmattheusp6@netvibes.com,Male,153.91.244.111
908,Blondell,Ben,bbenp7@gmpg.org,Female,117.92.115.43
909,Nikki,Bartosik,nbartosikp8@chronoengine.com,Male,68.46.114.38
910,Linnea,Tilford,ltilfordp9@bizjournals.com,Female,230.252.236.48
911,Stephie,Webborn,swebbornpa@yahoo.com,Female,113.56.135.252
912,Chuck,Le Noir,clenoirpb@springer.com,Non-binary,88.196.237.9
913,Dermot,Favelle,dfavellepc@cornell.edu,Male,49.17.112.139
914,Vic,Lower,vlowerpd@google.nl,Male,92.86.13.67
915,Alameda,Sprey,aspreype@comcast.net,Female,0.25.168.218
916,Neddie,Schutze,nschutzepf@youtu.be,Male,143.50.212.43
917,Monique,Wareham,mwarehampg@yahoo.co.jp,Female,164.166.225.179
918,Kathryn,Coke,kcokeph@yellowbook.com,Female,111.17.230.124
919,Ellen,Studdert,estuddertpi@macromedia.com,Female,212.239.242.88
920,Maurie,Ferrario,mferrariopj@psu.edu,Male,235.145.1.1
921,Tibold,Girvan,tgirvanpk@live.com,Male,19.152.41.68
922,Robert,Conisbee,rconisbeepl@themeforest.net,Male,49.205.128.198
923,Desiree,Ducker,dduckerpm@census.gov,Genderfluid,156.83.234.246
924,Bernardine,Whordley,bwhordleypn@pagesperso-orange.fr,Female,238.216.78.83
925,Loren,Kingswold,lkingswoldpo@scientificamerican.com,Agender,233.13.191.192
926,Zelda,Attle,zattlepp@zdnet.com,Female,30.244.33.50
927,Lezley,Bonallack,lbonallackpq@house.gov,Genderqueer,47.81.218.31
928,Stacee,Huckle,shucklepr@reference.com,Female,27.149.143.89
929,Halsey,De Andisie,hdeandisieps@ifeng.com,Male,115.63.175.252
930,Nickey,Cullrford,ncullrfordpt@kickstarter.com,Polygender,251.39.191.173
931,Ondrea,Kirsopp,okirsopppu@youku.com,Female,20.175.184.51
932,Roderich,Di Carli,rdicarlipv@constantcontact.com,Male,167.129.53.198
933,Conant,Prior,cpriorpw@army.mil,Male,19.30.253.59
934,Trina,Tysack,ttysackpx@freewebs.com,Female,147.129.68.94
935,Paxton,Chesman,pchesmanpy@columbia.edu,Male,174.71.196.142
936,Wald,Penhalewick,wpenhalewickpz@delicious.com,Agender,4.255.153.124
937,Grace,Browell,gbrowellq0@imageshack.us,Male,249.200.243.82
938,Virgina,Erskine,verskineq1@jugem.jp,Female,95.102.124.85
939,Phebe,Briscow,pbriscowq2@msn.com,Genderqueer,200.138.224.128
940,Sibeal,Birkby,sbirkbyq3@mlb.com,Female,92.58.191.63
941,Gabi,Moulton,gmoultonq4@zimbio.com,Female,172.56.251.76
942,Teodorico,Dewbury,tdewburyq5@shareasale.com,Male,153.147.82.23
943,Kele,Habin,khabinq6@posterous.com,Male,225.226.26.51
944,Preston,McKinnon,pmckinnonq7@admin.ch,Male,64.44.78.220
945,Davida,Pedro,dpedroq8@pcworld.com,Female,15.79.38.167
946,Mehetabel,Powner,mpownerq9@zdnet.com,Female,109.226.199.216
947,Alli,Danelut,adanelutqa@youtube.com,Female,120.43.227.16
948,Wilhelm,Danielsson,wdanielssonqb@shop-pro.jp,Male,209.66.27.241
949,Killie,Swatton,kswattonqc@com.com,Male,20.41.234.20
950,Bill,Steenson,bsteensonqd@stanford.edu,Male,188.100.181.1
951,Padget,Tarbert,ptarbertqe@addtoany.com,Male,20.135.229.143
952,Saunderson,M'Quharge,smquhargeqf@mtv.com,Male,216.49.2.47
953,Conny,Boulstridge,cboulstridgeqg@cbc.ca,Genderqueer,14.176.55.250
954,Ervin,Bissill,ebissillqh@a8.net,Male,217.175.46.155
955,Norry,Tuffley,ntuffleyqi@domainmarket.com,Genderfluid,135.135.227.215
956,Seka,Yeulet,syeuletqj@wikia.com,Female,238.42.24.210
957,Dasi,Blackburn,dblackburnqk@businessinsider.com,Female,83.142.221.13
958,Adel,Penhaleurack,apenhaleurackql@t-online.de,Female,64.24.39.93
959,Trefor,Ruslinge,truslingeqm@omniture.com,Male,185.124.55.83
960,Gav,Lemin,gleminqn@ftc.gov,Male,60.119.170.171
961,Carissa,Wolstencroft,cwolstencroftqo@jiathis.com,Female,152.145.204.218
962,Bennett,Nisius,bnisiusqp@google.com.br,Male,43.171.15.32
963,Irina,Barrowcliff,ibarrowcliffqq@vinaora.com,Female,193.72.239.82
964,Helen-elizabeth,Southerden,hsoutherdenqr@people.com.cn,Female,213.242.160.239
965,Errick,Schimank,eschimankqs@typepad.com,Male,93.33.78.5
966,Windy,Tedahl,wtedahlqt@cdc.gov,Female,204.178.30.203
967,Tadeo,Francklin,tfrancklinqu@ovh.net,Male,99.103.131.116
968,Mil,Jefferson,mjeffersonqv@nyu.edu,Female,188.235.104.109
969,Brady,Kitto,bkittoqw@cdbaby.com,Male,155.238.55.7
970,Megan,Mityashin,mmityashinqx@bluehost.com,Female,105.221.153.234
971,Alexandre,Clausner,aclausnerqy@furl.net,Bigender,204.191.183.22
972,Anderea,Patrone,apatroneqz@ustream.tv,Polygender,82.230.224.14
973,Chantal,Magner,cmagnerr0@printfriendly.com,Female,86.94.34.80
974,Loralie,Caustic,lcausticr1@timesonline.co.uk,Female,89.85.201.30
975,Pippy,Daley,pdaleyr2@marriott.com,Female,187.109.157.32
976,Lane,Sparsholt,lsparsholtr3@wisc.edu,Male,89.46.209.129
977,Brit,Chatto,bchattor4@wikimedia.org,Female,220.236.205.234
978,Kermy,Towne,ktowner5@tamu.edu,Male,80.136.71.5
979,Ludwig,Cuseck,lcuseckr6@uiuc.edu,Male,131.17.225.136
980,Orton,Sheilds,osheildsr7@cloudflare.com,Male,173.171.35.128
981,Chlo,Drayn,cdraynr8@dell.com,Female,206.170.177.229
982,Stevy,Peach,speachr9@disqus.com,Male,120.187.3.120
983,Paolo,Rutledge,prutledgera@de.vu,Male,58.153.162.185
984,Geoffrey,Andreotti,gandreottirb@naver.com,Male,85.119.67.237
985,Lane,Cicci,lciccirc@nifty.com,Polygender,197.229.251.213
986,Elfrida,Iacovielli,eiacoviellird@gizmodo.com,Agender,184.194.44.238
987,Chip,Eddow,ceddowre@google.it,Male,24.253.232.232
988,Bonnee,Sheepy,bsheepyrf@mozilla.org,Female,187.189.29.236
989,Booth,Maggorini,bmaggorinirg@marriott.com,Male,86.47.104.230
990,Ferdy,Artin,fartinrh@tripadvisor.com,Male,251.210.28.215
991,Nicole,Riccardo,nriccardori@twitter.com,Female,169.210.152.97
992,Jyoti,Stubbings,jstubbingsrj@macromedia.com,Female,242.100.78.126
993,Enriqueta,Koenraad,ekoenraadrk@sina.com.cn,Female,183.58.37.167
994,Shannon,Chasteau,schasteaurl@ovh.net,Female,184.183.48.127
995,Fionna,Lathee,flatheerm@ft.com,Female,250.14.212.244
996,Iormina,Fermer,ifermerrn@cdbaby.com,Female,128.27.144.27
997,Robinia,Pandya,rpandyaro@dailymail.co.uk,Female,48.65.222.201
998,Goraud,Bellerby,gbellerbyrp@pbs.org,Male,150.4.40.243
999,Gertruda,Slogrove,gslogroverq@wsj.com,Female,249.82.82.43
1000,Loretta,Atty,lattyrr@sakura.ne.jp,Female,253.74.7.202
